filename,label
image9432.jpg,0
image7682.jpg,0
image22078.jpg,0
image62241.jpg,0
image11077.jpg,0
image53093.jpg,0
image27870.jpg,0
image35253.jpg,0
image20844.jpg,0
image23202.jpg,0
image66308.jpg,0
image57617.jpg,0
image35469.jpg,0
image5052.jpg,0
image6967.jpg,0
image53617.jpg,0
image53503.jpg,0
image67843.jpg,0
image54473.jpg,0
image50311.jpg,0
image51705.jpg,0
image29866.jpg,0
image60205.jpg,0
image59986.jpg,0
image18492.jpg,0
image30119.jpg,0
image74910.jpg,0
image53873.jpg,0
image10021.jpg,0
image10695.jpg,0
image28346.jpg,0
image70647.jpg,0
image32952.jpg,0
image72557.jpg,0
image7269.jpg,0
image74129.jpg,0
image9117.jpg,0
image35344.jpg,0
image52992.jpg,0
image19530.jpg,0
image66073.jpg,0
image4156.jpg,0
image64512.jpg,0
image72543.jpg,0
image36115.jpg,0
image71110.jpg,0
image65825.jpg,0
image30512.jpg,0
image34894.jpg,0
image67016.jpg,0
image67633.jpg,0
image52510.jpg,0
image60520.jpg,0
image223.jpg,0
image76789.jpg,0
image20687.jpg,0
image10747.jpg,0
image8207.jpg,0
image54541.jpg,0
image67090.jpg,0
image12775.jpg,0
image76662.jpg,0
image35006.jpg,0
image23784.jpg,0
image21662.jpg,0
image50535.jpg,0
image54482.jpg,0
image21596.jpg,0
image54311.jpg,0
image51660.jpg,0
image25620.jpg,0
image73461.jpg,0
image58328.jpg,0
image53770.jpg,0
image16339.jpg,0
image14570.jpg,0
image25790.jpg,0
image50527.jpg,0
image61870.jpg,0
image14581.jpg,0
image50560.jpg,0
image19727.jpg,0
image34999.jpg,0
image30203.jpg,0
image24259.jpg,0
image66480.jpg,0
image23450.jpg,0
image9863.jpg,0
image68381.jpg,0
image13005.jpg,0
image56280.jpg,0
image5483.jpg,0
image64109.jpg,0
image51006.jpg,0
image57657.jpg,0
image66047.jpg,0
image15926.jpg,0
image75949.jpg,0
image71599.jpg,0
image20492.jpg,0
image51073.jpg,0
image60128.jpg,0
image68215.jpg,0
image68537.jpg,0
image62196.jpg,0
image5038.jpg,0
image34587.jpg,0
image32035.jpg,0
image63831.jpg,0
image66396.jpg,0
image25940.jpg,0
image61205.jpg,0
image68746.jpg,0
image28748.jpg,0
image21960.jpg,0
image52577.jpg,0
image10696.jpg,0
image11541.jpg,0
image15256.jpg,0
image24642.jpg,0
image77237.jpg,0
image57868.jpg,0
image54807.jpg,0
image5055.jpg,0
image20896.jpg,0
image34487.jpg,0
image27839.jpg,0
image52929.jpg,0
image66669.jpg,0
image54295.jpg,0
image10173.jpg,0
image54115.jpg,0
image74625.jpg,0
image59998.jpg,0
image17034.jpg,0
image22557.jpg,0
image50909.jpg,0
image12546.jpg,0
image71432.jpg,0
image34343.jpg,0
image64236.jpg,0
image11416.jpg,0
image27938.jpg,0
image55650.jpg,0
image68516.jpg,0
image33838.jpg,0
image6006.jpg,0
image67829.jpg,0
image24473.jpg,0
image27059.jpg,0
image51690.jpg,0
image13868.jpg,0
image27883.jpg,0
image77279.jpg,0
image2597.jpg,0
image36809.jpg,0
image18155.jpg,0
image71846.jpg,0
image10736.jpg,0
image31687.jpg,0
image16981.jpg,0
image57893.jpg,0
image12044.jpg,0
image58061.jpg,0
image5977.jpg,0
image75393.jpg,0
image75279.jpg,0
image10637.jpg,0
image62934.jpg,0
image11956.jpg,0
image28840.jpg,0
image60577.jpg,0
image2850.jpg,0
image22788.jpg,0
image12003.jpg,0
image20402.jpg,0
image58220.jpg,0
image55826.jpg,0
image14564.jpg,0
image25280.jpg,0
image23530.jpg,0
image60648.jpg,0
image36223.jpg,0
image64169.jpg,0
image60036.jpg,0
image25195.jpg,0
image15979.jpg,0
image17676.jpg,0
image66772.jpg,0
image24771.jpg,0
image58910.jpg,0
image15115.jpg,0
image19493.jpg,0
image62177.jpg,0
image74844.jpg,0
image60685.jpg,0
image13658.jpg,0
image30943.jpg,0
image73662.jpg,0
image2097.jpg,0
image34614.jpg,0
image70849.jpg,0
image76113.jpg,0
image14421.jpg,0
image3497.jpg,0
image1208.jpg,0
image73033.jpg,0
image2045.jpg,0
image29535.jpg,0
image65065.jpg,0
image6784.jpg,0
image32561.jpg,0
image75403.jpg,0
image19498.jpg,0
image402.jpg,0
image58663.jpg,0
image55133.jpg,0
image31162.jpg,0
image64950.jpg,0
image0.jpg,0
image58232.jpg,0
image21722.jpg,0
image75043.jpg,0
image70905.jpg,0
image31790.jpg,0
image52081.jpg,0
image52219.jpg,0
image1523.jpg,0
image18693.jpg,0
image1412.jpg,0
image59629.jpg,0
image20453.jpg,0
image24015.jpg,0
image55713.jpg,0
image6159.jpg,0
image24629.jpg,0
image32678.jpg,0
image34392.jpg,0
image486.jpg,0
image10426.jpg,0
image66372.jpg,0
image68414.jpg,0
image54617.jpg,0
image7750.jpg,0
image55139.jpg,0
image8562.jpg,0
image71413.jpg,0
image4711.jpg,0
image8182.jpg,0
image70369.jpg,0
image73181.jpg,0
image69324.jpg,0
image9386.jpg,0
image19488.jpg,0
image32256.jpg,0
image25878.jpg,0
image69716.jpg,0
image1903.jpg,0
image69791.jpg,0
image13031.jpg,0
image22352.jpg,0
image30977.jpg,0
image73779.jpg,0
image2749.jpg,0
image60160.jpg,0
image32134.jpg,0
image72293.jpg,0
image54477.jpg,0
image22470.jpg,0
image17882.jpg,0
image66510.jpg,0
image65663.jpg,0
image1662.jpg,0
image6561.jpg,0
image26496.jpg,0
image77518.jpg,0
image28408.jpg,0
image35151.jpg,0
image52447.jpg,0
image15471.jpg,0
image59553.jpg,0
image29501.jpg,0
image50320.jpg,0
image67891.jpg,0
image1667.jpg,0
image13910.jpg,0
image15619.jpg,0
image2865.jpg,0
image25386.jpg,0
image15566.jpg,0
image50596.jpg,0
image7889.jpg,0
image57512.jpg,0
image28955.jpg,0
image67217.jpg,0
image36355.jpg,0
image68572.jpg,0
image63644.jpg,0
image72397.jpg,0
image25493.jpg,0
image15929.jpg,0
image73732.jpg,0
image11067.jpg,0
image888.jpg,0
image16927.jpg,0
image52077.jpg,0
image69618.jpg,0
image22130.jpg,0
image58605.jpg,0
image8292.jpg,0
image19198.jpg,0
image72572.jpg,0
image79129.jpg,0
image78250.jpg,0
image14027.jpg,0
image60130.jpg,0
image66909.jpg,0
image4035.jpg,0
image29103.jpg,0
image25699.jpg,0
image5769.jpg,0
image8757.jpg,0
image14725.jpg,0
image74739.jpg,0
image33903.jpg,0
image64015.jpg,0
image9177.jpg,0
image53169.jpg,0
image67318.jpg,0
image22786.jpg,0
image3883.jpg,0
image14003.jpg,0
image73545.jpg,0
image69677.jpg,0
image29064.jpg,0
image35613.jpg,0
image29374.jpg,0
image25534.jpg,0
image13524.jpg,0
image78089.jpg,0
image28952.jpg,0
image18635.jpg,0
image77484.jpg,0
image34102.jpg,0
image22560.jpg,0
image59016.jpg,0
image34022.jpg,0
image29519.jpg,0
image10448.jpg,0
image55517.jpg,0
image71456.jpg,0
image75963.jpg,0
image7069.jpg,0
image52130.jpg,0
image14161.jpg,0
image29721.jpg,0
image52934.jpg,0
image61835.jpg,0
image33354.jpg,0
image74931.jpg,0
image57847.jpg,0
image27792.jpg,0
image20526.jpg,0
image2078.jpg,0
image32661.jpg,0
image9194.jpg,0
image29338.jpg,0
image55641.jpg,0
image23055.jpg,0
image68686.jpg,0
image26812.jpg,0
image25779.jpg,0
image52031.jpg,0
image8881.jpg,0
image3565.jpg,0
image76117.jpg,0
image18853.jpg,0
image36250.jpg,0
image17968.jpg,0
image77533.jpg,0
image6384.jpg,0
image31981.jpg,0
image65309.jpg,0
image31723.jpg,0
image70082.jpg,0
image3749.jpg,0
image52006.jpg,0
image59015.jpg,0
image17750.jpg,0
image51543.jpg,0
image53192.jpg,0
image36684.jpg,0
image14961.jpg,0
image16097.jpg,0
image30118.jpg,0
image31876.jpg,0
image20317.jpg,0
image60266.jpg,0
image33410.jpg,0
image3720.jpg,0
image31694.jpg,0
image57697.jpg,0
image6581.jpg,0
image53034.jpg,0
image23380.jpg,0
image24419.jpg,0
image15472.jpg,0
image2106.jpg,0
image19131.jpg,0
image33537.jpg,0
image63353.jpg,0
image9635.jpg,0
image18247.jpg,0
image17354.jpg,0
image50020.jpg,0
image30084.jpg,0
image30441.jpg,0
image9039.jpg,0
image67899.jpg,0
image53964.jpg,0
image79218.jpg,0
image4370.jpg,0
image55215.jpg,0
image1181.jpg,0
image7322.jpg,0
image73711.jpg,0
image61660.jpg,0
image27695.jpg,0
image77647.jpg,0
image74903.jpg,0
image28673.jpg,0
image58653.jpg,0
image34533.jpg,0
image73816.jpg,0
image20175.jpg,0
image10007.jpg,0
image56624.jpg,0
image27611.jpg,0
image11183.jpg,0
image8795.jpg,0
image12758.jpg,0
image15105.jpg,0
image28041.jpg,0
image70675.jpg,0
image77597.jpg,0
image19974.jpg,0
image21436.jpg,0
image25038.jpg,0
image32761.jpg,0
image8026.jpg,0
image6804.jpg,0
image28960.jpg,0
image57004.jpg,0
image76402.jpg,0
image68885.jpg,0
image53060.jpg,0
image23896.jpg,0
image5328.jpg,0
image7230.jpg,0
image3296.jpg,0
image10961.jpg,0
image33200.jpg,0
image74793.jpg,0
image57902.jpg,0
image12342.jpg,0
image76383.jpg,0
image77013.jpg,0
image65457.jpg,0
image35310.jpg,0
image20138.jpg,0
image3917.jpg,0
image73021.jpg,0
image22068.jpg,0
image55463.jpg,0
image5893.jpg,0
image77829.jpg,0
image78278.jpg,0
image13247.jpg,0
image76367.jpg,0
image28944.jpg,0
image23.jpg,0
image20551.jpg,0
image66152.jpg,0
image23617.jpg,0
image26772.jpg,0
image4850.jpg,0
image17197.jpg,0
image69294.jpg,0
image75797.jpg,0
image70137.jpg,0
image26258.jpg,0
image24471.jpg,0
image57944.jpg,0
image73747.jpg,0
image63051.jpg,0
image13488.jpg,0
image23511.jpg,0
image35922.jpg,0
image26200.jpg,0
image31968.jpg,0
image69419.jpg,0
image66345.jpg,0
image32402.jpg,0
image50906.jpg,0
image74479.jpg,0
image58510.jpg,0
image74783.jpg,0
image24495.jpg,0
image14210.jpg,0
image14811.jpg,0
image59499.jpg,0
image35324.jpg,0
image33808.jpg,0
image53936.jpg,0
image59182.jpg,0
image51593.jpg,0
image844.jpg,0
image74952.jpg,0
image53934.jpg,0
image33863.jpg,0
image19296.jpg,0
image8042.jpg,0
image2232.jpg,0
image9464.jpg,0
image25419.jpg,0
image10016.jpg,0
image1999.jpg,0
image23297.jpg,0
image70201.jpg,0
image30169.jpg,0
image2631.jpg,0
image74499.jpg,0
image58859.jpg,0
image62371.jpg,0
image69179.jpg,0
image24298.jpg,0
image21309.jpg,0
image58222.jpg,0
image6219.jpg,0
image9834.jpg,0
image66490.jpg,0
image2910.jpg,0
image60627.jpg,0
image12729.jpg,0
image19667.jpg,0
image55078.jpg,0
image22187.jpg,0
image53132.jpg,0
image15187.jpg,0
image35468.jpg,0
image4484.jpg,0
image17726.jpg,0
image12340.jpg,0
image58638.jpg,0
image78613.jpg,0
image10319.jpg,0
image76633.jpg,0
image73487.jpg,0
image26879.jpg,0
image55639.jpg,0
image3248.jpg,0
image68099.jpg,0
image53773.jpg,0
image55062.jpg,0
image8483.jpg,0
image2596.jpg,0
image75016.jpg,0
image58670.jpg,0
image10092.jpg,0
image35313.jpg,0
image73063.jpg,20
image18086.jpg,20
image4258.jpg,20
image17226.jpg,20
image57153.jpg,20
image24013.jpg,20
image33033.jpg,20
image56025.jpg,20
image51208.jpg,20
image75404.jpg,20
image13153.jpg,18
image31187.jpg,18
image151319.jpg,18
image78900.jpg,18
image62438.jpg,18
image20677.jpg,18
image20310.jpg,18
image13051.jpg,18
image71313.jpg,18
image150079.jpg,18
image30658.jpg,32
image24133.jpg,32
image18506.jpg,32
image25944.jpg,32
image127.jpg,32
image15033.jpg,32
image7161.jpg,32
image65061.jpg,32
image66343.jpg,32
image29877.jpg,32
image60946.jpg,2
image31900.jpg,2
image50070.jpg,2
image18990.jpg,2
image10075.jpg,2
image57596.jpg,2
image67791.jpg,2
image50805.jpg,2
image1210.jpg,2
image24454.jpg,2
image3965.jpg,3
image60513.jpg,3
image264.jpg,3
image16948.jpg,3
image13824.jpg,3
image20503.jpg,3
image58274.jpg,3
image68210.jpg,3
image13622.jpg,3
image62379.jpg,3
image57027.jpg,28
image73526.jpg,28
image56019.jpg,28
image14628.jpg,28
image26531.jpg,28
image8179.jpg,28
image23224.jpg,28
image71583.jpg,28
image16345.jpg,28
image23093.jpg,28
image73353.jpg,7
image64359.jpg,7
image66300.jpg,7
image2718.jpg,7
image56308.jpg,7
image56294.jpg,7
image58074.jpg,7
image6305.jpg,7
image63828.jpg,7
image62095.jpg,7
image36494.jpg,10
image24300.jpg,10
image6221.jpg,10
image7614.jpg,10
image22953.jpg,10
image29134.jpg,10
image20623.jpg,10
image61744.jpg,10
image58868.jpg,10
image10400.jpg,10
image4145.jpg,42
image150562.jpg,42
image150665.jpg,42
image25003.jpg,42
image62362.jpg,42
image151247.jpg,42
image150268.jpg,42
image61180.jpg,42
image150871.jpg,42
image15247.jpg,42
image65429.jpg,16
image150262.jpg,16
image10247.jpg,16
image72769.jpg,16
image35579.jpg,16
image34433.jpg,16
image1107.jpg,16
image9966.jpg,16
image75573.jpg,16
image24462.jpg,16
image7298.jpg,37
image17257.jpg,37
image74896.jpg,37
image22923.jpg,37
image12740.jpg,37
image18447.jpg,37
image5574.jpg,37
image19088.jpg,37
image75740.jpg,37
image19348.jpg,37
image24040.jpg,15
image50404.jpg,15
image22175.jpg,15
image7890.jpg,15
image65662.jpg,15
image70284.jpg,15
image26042.jpg,15
image62210.jpg,15
image61101.jpg,15
image31462.jpg,15
image69944.jpg,9
image35217.jpg,9
image71837.jpg,9
image63199.jpg,9
image15798.jpg,9
image30406.jpg,9
image33709.jpg,9
image78107.jpg,9
image68441.jpg,9
image63559.jpg,9
image253.jpg,14
image58452.jpg,14
image31478.jpg,14
image16627.jpg,14
image36260.jpg,14
image78209.jpg,14
image76305.jpg,14
image6426.jpg,14
image14900.jpg,14
image12648.jpg,14
image12423.jpg,24
image13367.jpg,24
image150812.jpg,24
image34377.jpg,24
image150286.jpg,24
image71227.jpg,24
image12320.jpg,24
image65044.jpg,24
image150712.jpg,24
image34399.jpg,24
image151963.jpg,23
image59094.jpg,23
image21506.jpg,23
image152046.jpg,23
image12742.jpg,23
image151984.jpg,23
image151775.jpg,23
image151151.jpg,23
image55860.jpg,23
image151329.jpg,23
image23412.jpg,17
image25402.jpg,17
image2693.jpg,17
image51172.jpg,17
image59359.jpg,17
image18632.jpg,17
image18904.jpg,17
image150373.jpg,17
image55072.jpg,17
image70714.jpg,17
image3512.jpg,8
image17740.jpg,8
image31727.jpg,8
image36321.jpg,8
image66935.jpg,8
image61499.jpg,8
image35042.jpg,8
image65994.jpg,8
image73981.jpg,8
image61289.jpg,8
image60706.jpg,33
image1024.jpg,33
image58454.jpg,33
image71735.jpg,33
image6587.jpg,33
image7629.jpg,33
image32496.jpg,33
image33604.jpg,33
image31089.jpg,33
image58959.jpg,33
image13299.jpg,12
image59976.jpg,12
image26438.jpg,12
image52053.jpg,12
image21690.jpg,12
image5824.jpg,12
image56940.jpg,12
image32694.jpg,12
image74689.jpg,12
image14546.jpg,12
image4408.jpg,21
image59392.jpg,21
image63915.jpg,21
image68143.jpg,21
image50396.jpg,21
image32502.jpg,21
image76813.jpg,21
image22758.jpg,21
image31109.jpg,21
image63489.jpg,21
image152107.jpg,31
image151597.jpg,31
image152047.jpg,31
image152251.jpg,31
image151594.jpg,31
image2123.jpg,31
image151510.jpg,31
image150723.jpg,31
image152154.jpg,31
image152403.jpg,31
image78494.jpg,4
image2293.jpg,4
image75235.jpg,4
image5173.jpg,4
image57077.jpg,4
image78710.jpg,4
image66408.jpg,4
image14945.jpg,4
image72445.jpg,4
image30614.jpg,4
image55035.jpg,29
image62935.jpg,29
image150628.jpg,29
image4790.jpg,29
image58617.jpg,29
image52316.jpg,29
image33437.jpg,29
image150037.jpg,29
image21226.jpg,29
image8899.jpg,29
image67686.jpg,13
image22202.jpg,13
image62962.jpg,13
image1127.jpg,13
image22338.jpg,13
image2823.jpg,13
image15378.jpg,13
image52646.jpg,13
image58945.jpg,13
image71755.jpg,13
image31218.jpg,25
image59795.jpg,25
image18521.jpg,25
image29631.jpg,25
image68737.jpg,25
image24011.jpg,25
image65161.jpg,25
image61809.jpg,25
image8753.jpg,25
image59890.jpg,25
image68102.jpg,26
image62868.jpg,26
image18192.jpg,26
image73906.jpg,26
image31807.jpg,26
image25670.jpg,26
image78749.jpg,26
image4816.jpg,26
image32066.jpg,26
image14623.jpg,26
image5504.jpg,35
image67336.jpg,35
image72722.jpg,35
image16054.jpg,35
image65538.jpg,35
image77529.jpg,35
image77092.jpg,35
image63988.jpg,35
image31623.jpg,35
image23083.jpg,35
image152384.jpg,19
image152449.jpg,19
image57349.jpg,19
image152257.jpg,19
image58504.jpg,19
image152072.jpg,19
image152056.jpg,19
image54585.jpg,19
image152224.jpg,19
image78597.jpg,19
image31788.jpg,6
image73953.jpg,6
image67826.jpg,6
image53975.jpg,6
image20133.jpg,6
image34965.jpg,6
image33979.jpg,6
image53712.jpg,6
image14090.jpg,6
image52559.jpg,6
image26107.jpg,1
image68663.jpg,1
image150830.jpg,1
image36306.jpg,1
image50413.jpg,1
image18020.jpg,1
image52669.jpg,1
image64600.jpg,1
image70942.jpg,1
image15786.jpg,1
image6938.jpg,5
image20654.jpg,5
image35565.jpg,5
image58052.jpg,5
image1553.jpg,5
image7964.jpg,5
image70436.jpg,5
image11166.jpg,5
image77996.jpg,5
image73209.jpg,5
image26929.jpg,11
image62882.jpg,11
image510.jpg,11
image13304.jpg,11
image53291.jpg,11
image27621.jpg,11
image11681.jpg,11
image70037.jpg,11
image4333.jpg,11
image8492.jpg,11
image7263.jpg,38
image150468.jpg,38
image35436.jpg,38
image73740.jpg,38
image74926.jpg,38
image33361.jpg,38
image150251.jpg,38
image14698.jpg,38
image5728.jpg,38
image9314.jpg,38
image24175.jpg,36
image63180.jpg,36
image18293.jpg,36
image27289.jpg,36
image78069.jpg,36
image8157.jpg,36
image28534.jpg,36
image27036.jpg,36
image3464.jpg,36
image62189.jpg,36
image151420.jpg,27
image151543.jpg,27
image66080.jpg,27
image151388.jpg,27
image22001.jpg,27
image72954.jpg,27
image19172.jpg,27
image62586.jpg,27
image71831.jpg,27
image76093.jpg,27
image51346.jpg,43
image150552.jpg,43
image58008.jpg,43
image150971.jpg,43
image150908.jpg,43
image151586.jpg,43
image151080.jpg,43
image151560.jpg,43
image54035.jpg,43
image150933.jpg,43
image79116.jpg,34
image31714.jpg,34
image9513.jpg,34
image9792.jpg,34
image20157.jpg,34
image52222.jpg,34
image30779.jpg,34
image26980.jpg,34
image54069.jpg,34
image70241.jpg,34
image16212.jpg,40
image67519.jpg,40
image31936.jpg,40
image23825.jpg,40
image2107.jpg,40
image31046.jpg,40
image55638.jpg,40
image3242.jpg,40
image35095.jpg,40
image60170.jpg,40
image16244.jpg,30
image52801.jpg,30
image3771.jpg,30
image76198.jpg,30
image151671.jpg,30
image150986.jpg,30
image56320.jpg,30
image51041.jpg,30
image51605.jpg,30
image151911.jpg,30
image33214.jpg,39
image71511.jpg,39
image69608.jpg,39
image25467.jpg,39
image27524.jpg,39
image63443.jpg,39
image150012.jpg,39
image72409.jpg,39
image76411.jpg,39
image35416.jpg,39
image150330.jpg,22
image36729.jpg,22
image150219.jpg,22
image63627.jpg,22
image27820.jpg,22
image151573.jpg,22
image151447.jpg,22
image150564.jpg,22
image150799.jpg,22
image8761.jpg,22
image14414.jpg,41
image152402.jpg,41
image151374.jpg,41
image152167.jpg,41
image152092.jpg,41
image7204.jpg,41
image152211.jpg,41
image65480.jpg,41
image152203.jpg,41
image151539.jpg,41
image65032.jpg,22
image151474.jpg,22
image34298.jpg,39
image26436.jpg,34
image30517.jpg,43
image22598.jpg,43
image2359.jpg,27
image150006.jpg,27
image14493.jpg,38
image151519.jpg,38
image9610.jpg,11
image69871.jpg,5
image57123.jpg,6
image152013.jpg,19
image65615.jpg,35
image29370.jpg,26
image50481.jpg,26
image61428.jpg,25
image75438.jpg,25
image20377.jpg,29
image56782.jpg,4
image54779.jpg,31
image151660.jpg,31
image9176.jpg,12
image26471.jpg,8
image61397.jpg,14
image18344.jpg,9
image32458.jpg,37
image60823.jpg,16
image60303.jpg,16
image75668.jpg,16
image70351.jpg,10
image23047.jpg,7
image11977.jpg,28
image15454.jpg,32
image76584.jpg,32
image51078.jpg,20
image71678.jpg,20
image12107.jpg,0
image68912.jpg,0
image34174.jpg,0
image71367.jpg,0
image35113.jpg,0
image31908.jpg,0
image51467.jpg,0
image12854.jpg,0
image6795.jpg,0
image69459.jpg,0
image25698.jpg,0
image73442.jpg,0
image61776.jpg,0
image58554.jpg,0
image8877.jpg,0
image73167.jpg,0
image53633.jpg,0
image63907.jpg,0
image56058.jpg,0
image77380.jpg,0
image34089.jpg,0
image19279.jpg,0
image19033.jpg,0
image61786.jpg,0
image57096.jpg,0
image54028.jpg,0
image52768.jpg,0
image32430.jpg,0
image20891.jpg,0
image1343.jpg,0
image69408.jpg,0
image62349.jpg,0
image23937.jpg,0
image67209.jpg,0
image1976.jpg,0
image68291.jpg,0
image3666.jpg,0
image22277.jpg,0
image7658.jpg,0
image62840.jpg,0
image15852.jpg,0
image73645.jpg,0
image21352.jpg,0
image2766.jpg,0
image52994.jpg,0
image61834.jpg,0
image65596.jpg,0
image60606.jpg,0
image11324.jpg,0
image6944.jpg,0
image33440.jpg,0
image9338.jpg,0
image65202.jpg,0
image78346.jpg,0
image33905.jpg,0
image65434.jpg,0
image52466.jpg,0
image74813.jpg,0
image17387.jpg,0
image20694.jpg,0
image18416.jpg,0
image15779.jpg,0
image52921.jpg,30
image71797.jpg,40
image67835.jpg,34
image72929.jpg,34
image72760.jpg,27
image2388.jpg,11
image11993.jpg,11
image53966.jpg,5
image69168.jpg,5
image32509.jpg,6
image10422.jpg,35
image64125.jpg,35
image8968.jpg,26
image17661.jpg,25
image3627.jpg,25
image57589.jpg,29
image150377.jpg,31
image152309.jpg,31
image69264.jpg,12
image8980.jpg,23
image72058.jpg,9
image4389.jpg,9
image4540.jpg,15
image20211.jpg,15
image150245.jpg,16
image65187.jpg,16
image5008.jpg,42
image36329.jpg,10
image61713.jpg,10
image20201.jpg,7
image19000.jpg,7
image23700.jpg,7
image63507.jpg,7
image11549.jpg,7
image2362.jpg,28
image28797.jpg,2
image12572.jpg,2
image70336.jpg,32
image57821.jpg,20
image17997.jpg,20
image58876.jpg,0
image72120.jpg,0
image5594.jpg,0
image66381.jpg,0
image5271.jpg,0
image53872.jpg,0
image56440.jpg,0
image2341.jpg,0
image11936.jpg,0
image68549.jpg,0
image164.jpg,0
image5270.jpg,0
image5273.jpg,0
image32915.jpg,0
image20998.jpg,0
image31500.jpg,0
image66710.jpg,0
image33238.jpg,0
image77053.jpg,0
image65492.jpg,0
image2857.jpg,0
image22200.jpg,0
image51929.jpg,0
image69745.jpg,0
image73.jpg,0
image27721.jpg,0
image35379.jpg,0
image1593.jpg,0
image68630.jpg,0
image24887.jpg,0
image35885.jpg,0
image65089.jpg,0
image6444.jpg,0
image60978.jpg,0
image65842.jpg,0
image65092.jpg,0
image59954.jpg,0
image35815.jpg,0
image58652.jpg,0
image15882.jpg,0
image35215.jpg,0
image71916.jpg,0
image25107.jpg,0
image19443.jpg,0
image24930.jpg,0
image28487.jpg,0
image24286.jpg,0
image67772.jpg,0
image28461.jpg,0
image59895.jpg,0
image12969.jpg,0
image19251.jpg,0
image53874.jpg,0
image24330.jpg,0
image56390.jpg,0
image36322.jpg,0
image29577.jpg,0
image68601.jpg,0
image59950.jpg,0
image65415.jpg,0
image15086.jpg,40
image53041.jpg,40
image24647.jpg,40
image18129.jpg,34
image150954.jpg,43
image14041.jpg,43
image25904.jpg,36
image151242.jpg,38
image4072.jpg,38
image33334.jpg,11
image77003.jpg,11
image55021.jpg,11
image2500.jpg,5
image4523.jpg,5
image67102.jpg,1
image51967.jpg,19
image152123.jpg,19
image65119.jpg,35
image65140.jpg,35
image20735.jpg,35
image34743.jpg,35
image78719.jpg,35
image76304.jpg,25
image74851.jpg,4
image31424.jpg,21
image73074.jpg,33
image32951.jpg,33
image16880.jpg,8
image53283.jpg,17
image24456.jpg,17
image31766.jpg,17
image151658.jpg,23
image35378.jpg,9
image5473.jpg,15
image65887.jpg,15
image150222.jpg,16
image50820.jpg,10
image52547.jpg,10
image17687.jpg,10
image61658.jpg,10
image34497.jpg,10
image4017.jpg,7
image67563.jpg,2
image57034.jpg,2
image68811.jpg,2
image150869.jpg,18
image72877.jpg,20
image65628.jpg,20
image55042.jpg,0
image19529.jpg,0
image26286.jpg,0
image75278.jpg,0
image73337.jpg,0
image73614.jpg,0
image67390.jpg,0
image63317.jpg,0
image67706.jpg,0
image52636.jpg,0
image21340.jpg,0
image70851.jpg,0
image66315.jpg,0
image9821.jpg,0
image66170.jpg,0
image7272.jpg,0
image28326.jpg,0
image14105.jpg,0
image61466.jpg,0
image21712.jpg,0
image9560.jpg,0
image11111.jpg,0
image21582.jpg,0
image4698.jpg,0
image27978.jpg,0
image13044.jpg,0
image7830.jpg,0
image3871.jpg,0
image3586.jpg,0
image58784.jpg,0
image5039.jpg,0
image19094.jpg,0
image25519.jpg,0
image35.jpg,0
image30700.jpg,0
image7013.jpg,0
image17124.jpg,0
image6590.jpg,0
image67253.jpg,0
image1366.jpg,0
image10029.jpg,0
image35089.jpg,0
image26815.jpg,0
image13920.jpg,0
image76436.jpg,0
image60980.jpg,0
image59389.jpg,0
image64976.jpg,0
image32554.jpg,0
image78490.jpg,0
image66699.jpg,0
image22521.jpg,0
image52326.jpg,22
image150919.jpg,30
image6747.jpg,40
image33487.jpg,34
image65068.jpg,34
image151464.jpg,43
image64642.jpg,43
image10540.jpg,43
image52328.jpg,43
image16156.jpg,36
image78930.jpg,11
image2011.jpg,11
image32865.jpg,5
image60525.jpg,1
image13168.jpg,1
image19724.jpg,6
image151725.jpg,19
image457.jpg,35
image76541.jpg,26
image51831.jpg,13
image6490.jpg,13
image14153.jpg,13
image54748.jpg,29
image152379.jpg,31
image151699.jpg,31
image74398.jpg,21
image60692.jpg,12
image57026.jpg,12
image31337.jpg,12
image76.jpg,14
image51676.jpg,14
image17060.jpg,14
image61077.jpg,15
image62346.jpg,37
image19625.jpg,37
image150823.jpg,42
image64096.jpg,10
image73290.jpg,10
image75693.jpg,7
image23284.jpg,7
image26402.jpg,3
image62573.jpg,3
image52650.jpg,2
image59550.jpg,2
image150636.jpg,18
image74916.jpg,20
image12980.jpg,20
image8709.jpg,20
image58667.jpg,0
image17660.jpg,0
image71482.jpg,0
image5326.jpg,0
image75112.jpg,0
image59033.jpg,0
image75776.jpg,0
image57853.jpg,0
image8493.jpg,0
image78416.jpg,0
image60388.jpg,0
image12909.jpg,0
image77905.jpg,0
image62584.jpg,0
image19468.jpg,0
image57348.jpg,0
image7290.jpg,0
image26407.jpg,0
image34145.jpg,0
image14673.jpg,0
image67048.jpg,0
image62291.jpg,0
image68930.jpg,0
image70457.jpg,0
image50845.jpg,0
image74144.jpg,0
image61351.jpg,0
image26936.jpg,0
image1232.jpg,0
image25408.jpg,0
image12897.jpg,0
image15996.jpg,0
image5940.jpg,0
image3989.jpg,0
image35834.jpg,0
image32465.jpg,0
image3974.jpg,0
image72819.jpg,0
image77136.jpg,0
image29050.jpg,0
image20671.jpg,0
image14655.jpg,0
image71401.jpg,0
image56358.jpg,0
image9227.jpg,0
image35527.jpg,0
image54873.jpg,0
image18836.jpg,0
image12899.jpg,0
image24302.jpg,0
image52980.jpg,0
image59552.jpg,0
image69513.jpg,22
image77695.jpg,39
image70064.jpg,39
image35719.jpg,34
image13791.jpg,34
image15991.jpg,27
image30213.jpg,27
image74693.jpg,38
image151245.jpg,38
image4537.jpg,11
image76548.jpg,11
image18839.jpg,5
image36542.jpg,5
image6811.jpg,5
image1824.jpg,19
image72744.jpg,35
image20335.jpg,35
image50170.jpg,35
image8383.jpg,26
image53249.jpg,26
image61055.jpg,25
image20968.jpg,29
image150652.jpg,29
image33526.jpg,4
image150308.jpg,31
image27848.jpg,21
image8606.jpg,12
image25102.jpg,12
image74478.jpg,12
image6933.jpg,33
image50213.jpg,33
image150493.jpg,23
image1749.jpg,24
image12974.jpg,24
image67089.jpg,15
image31459.jpg,37
image34665.jpg,37
image25602.jpg,37
image150667.jpg,42
image30300.jpg,10
image21672.jpg,10
image58264.jpg,10
image77862.jpg,10
image58674.jpg,10
image70491.jpg,28
image58078.jpg,3
image14750.jpg,32
image75020.jpg,32
image150040.jpg,18
image60793.jpg,20
image31301.jpg,20
image52560.jpg,20
image55827.jpg,0
image65435.jpg,0
image70645.jpg,0
image25996.jpg,0
image16959.jpg,0
image78798.jpg,0
image73656.jpg,0
image10049.jpg,0
image380.jpg,0
image32472.jpg,0
image71915.jpg,0
image33535.jpg,0
image59083.jpg,0
image72381.jpg,0
image60710.jpg,0
image13880.jpg,0
image72724.jpg,0
image66387.jpg,0
image58057.jpg,0
image61165.jpg,0
image60699.jpg,0
image53569.jpg,0
image18418.jpg,0
image54276.jpg,0
image20876.jpg,0
image749.jpg,0
image6656.jpg,0
image58134.jpg,0
image73770.jpg,0
image64499.jpg,0
image20066.jpg,0
image70251.jpg,0
image16412.jpg,0
image269.jpg,0
image69933.jpg,0
image22347.jpg,0
image7074.jpg,0
image36067.jpg,0
image15657.jpg,0
image32237.jpg,0
image60820.jpg,0
image54633.jpg,0
image12458.jpg,0
image13506.jpg,0
image74855.jpg,0
image16039.jpg,0
image36595.jpg,0
image63034.jpg,0
image50883.jpg,41
image151458.jpg,43
image3962.jpg,27
image33464.jpg,27
image30867.jpg,27
image24268.jpg,36
image72875.jpg,36
image22032.jpg,11
image75291.jpg,1
image68794.jpg,6
image53668.jpg,35
image59747.jpg,35
image20197.jpg,26
image64081.jpg,25
image4983.jpg,25
image78919.jpg,4
image50416.jpg,21
image35999.jpg,21
image1017.jpg,12
image139.jpg,8
image150309.jpg,23
image24183.jpg,23
image25913.jpg,23
image22249.jpg,9
image23495.jpg,9
image8528.jpg,15
image77914.jpg,15
image25374.jpg,16
image19817.jpg,10
image29450.jpg,7
image66813.jpg,3
image54703.jpg,3
image54641.jpg,2
image31815.jpg,2
image30249.jpg,32
image151229.jpg,18
image21118.jpg,0
image12941.jpg,0
image55652.jpg,0
image22237.jpg,0
image1400.jpg,0
image6423.jpg,0
image2927.jpg,0
image1973.jpg,0
image74080.jpg,0
image32328.jpg,0
image4520.jpg,0
image24231.jpg,0
image55059.jpg,0
image58731.jpg,0
image54822.jpg,0
image71675.jpg,0
image51826.jpg,0
image7394.jpg,0
image24999.jpg,0
image30095.jpg,0
image60862.jpg,0
image75642.jpg,0
image1254.jpg,0
image73792.jpg,0
image18409.jpg,0
image9196.jpg,0
image53799.jpg,0
image6380.jpg,0
image54474.jpg,0
image14597.jpg,0
image65151.jpg,0
image53033.jpg,0
image11156.jpg,0
image12067.jpg,0
image62747.jpg,0
image27643.jpg,0
image51023.jpg,0
image58266.jpg,0
image66274.jpg,0
image5754.jpg,0
image34593.jpg,0
image21498.jpg,0
image50173.jpg,0
image13692.jpg,0
image11816.jpg,0
image6402.jpg,0
image55400.jpg,0
image73418.jpg,0
image15964.jpg,0
image70396.jpg,0
image7790.jpg,0
image55640.jpg,0
image64218.jpg,0
image54908.jpg,0
image18663.jpg,0
image13858.jpg,0
image52317.jpg,0
image20864.jpg,0
image2141.jpg,0
image13399.jpg,0
image36024.jpg,0
image68474.jpg,0
image58306.jpg,0
image578.jpg,0
image152115.jpg,41
image19338.jpg,39
image18269.jpg,34
image27245.jpg,34
image64568.jpg,43
image150966.jpg,27
image36319.jpg,36
image13778.jpg,38
image1042.jpg,11
image54284.jpg,5
image78176.jpg,5
image1683.jpg,5
image24189.jpg,6
image33095.jpg,6
image75670.jpg,35
image10572.jpg,35
image23646.jpg,26
image60511.jpg,13
image31648.jpg,4
image71518.jpg,21
image29673.jpg,21
image72986.jpg,21
image25815.jpg,12
image64798.jpg,12
image58892.jpg,8
image915.jpg,8
image151349.jpg,23
image32850.jpg,23
image150495.jpg,23
image2302.jpg,24
image16120.jpg,14
image17367.jpg,14
image21050.jpg,9
image10848.jpg,9
image56328.jpg,15
image11787.jpg,15
image51695.jpg,16
image61137.jpg,7
image25031.jpg,28
image26503.jpg,3
image57156.jpg,2
image29780.jpg,2
image66770.jpg,32
image14068.jpg,32
image73351.jpg,20
image36420.jpg,20
image79060.jpg,0
image1440.jpg,0
image59948.jpg,0
image56207.jpg,0
image72178.jpg,0
image36426.jpg,0
image24962.jpg,0
image6025.jpg,0
image60722.jpg,0
image20665.jpg,0
image56895.jpg,0
image26943.jpg,0
image760.jpg,0
image70364.jpg,0
image68437.jpg,0
image25422.jpg,0
image32095.jpg,0
image22706.jpg,0
image73892.jpg,0
image77637.jpg,0
image71625.jpg,0
image4016.jpg,0
image32186.jpg,0
image3225.jpg,0
image8059.jpg,0
image27598.jpg,0
image1088.jpg,0
image12178.jpg,0
image70653.jpg,0
image60042.jpg,0
image8715.jpg,0
image11687.jpg,0
image13905.jpg,0
image119.jpg,0
image57939.jpg,0
image13851.jpg,0
image36314.jpg,0
image21689.jpg,0
image32.jpg,0
image78537.jpg,0
image26031.jpg,0
image50910.jpg,0
image62737.jpg,0
image3801.jpg,0
image67064.jpg,0
image5145.jpg,0
image50873.jpg,0
image35386.jpg,0
image50912.jpg,0
image16144.jpg,0
image24096.jpg,0
image76045.jpg,0
image15709.jpg,0
image17696.jpg,0
image6388.jpg,22
image51427.jpg,22
image151862.jpg,30
image7982.jpg,34
image50424.jpg,34
image59974.jpg,34
image31931.jpg,34
image151199.jpg,43
image78251.jpg,27
image4382.jpg,11
image14814.jpg,5
image25000.jpg,5
image50117.jpg,5
image69274.jpg,5
image75000.jpg,1
image68127.jpg,1
image7331.jpg,1
image26605.jpg,6
image18757.jpg,6
image30131.jpg,35
image34376.jpg,35
image14292.jpg,29
image7801.jpg,4
image50130.jpg,31
image150331.jpg,31
image27000.jpg,21
image22537.jpg,12
image8788.jpg,12
image58949.jpg,33
image30293.jpg,17
image32760.jpg,23
image19482.jpg,10
image9750.jpg,10
image13416.jpg,10
image61136.jpg,7
image51500.jpg,28
image36721.jpg,28
image24262.jpg,32
image150672.jpg,18
image16506.jpg,0
image12684.jpg,0
image59924.jpg,0
image26635.jpg,0
image24813.jpg,0
image9310.jpg,0
image17202.jpg,0
image19752.jpg,0
image54437.jpg,0
image52649.jpg,0
image3209.jpg,0
image72110.jpg,0
image75616.jpg,0
image73574.jpg,0
image34346.jpg,0
image55542.jpg,0
image51228.jpg,0
image28665.jpg,0
image1450.jpg,0
image19697.jpg,0
image35656.jpg,0
image7025.jpg,0
image52485.jpg,0
image30085.jpg,0
image57282.jpg,0
image3325.jpg,0
image72625.jpg,0
image53716.jpg,0
image50966.jpg,0
image68641.jpg,0
image14573.jpg,0
image7435.jpg,0
image32471.jpg,0
image4088.jpg,0
image9097.jpg,0
image24680.jpg,0
image28577.jpg,0
image1417.jpg,0
image62671.jpg,0
image4857.jpg,0
image51464.jpg,0
image69327.jpg,0
image20634.jpg,0
image61443.jpg,0
image11825.jpg,0
image7242.jpg,0
image23978.jpg,0
image58229.jpg,0
image68253.jpg,0
image3646.jpg,0
image13109.jpg,0
image50733.jpg,0
image71425.jpg,0
image9634.jpg,0
image30443.jpg,0
image1764.jpg,0
image23313.jpg,0
image33488.jpg,0
image10241.jpg,0
image79209.jpg,0
image21455.jpg,0
image60222.jpg,41
image60708.jpg,34
image151681.jpg,43
image150115.jpg,27
image64922.jpg,36
image32958.jpg,1
image75463.jpg,35
image67902.jpg,26
image68280.jpg,25
image74947.jpg,25
image51033.jpg,13
image150484.jpg,29
image10547.jpg,29
image79040.jpg,4
image59444.jpg,12
image36189.jpg,33
image21075.jpg,33
image150014.jpg,23
image274.jpg,24
image13662.jpg,14
image53035.jpg,14
image6898.jpg,9
image213.jpg,15
image22127.jpg,15
image20661.jpg,16
image56924.jpg,42
image28116.jpg,10
image51116.jpg,7
image10343.jpg,28
image22780.jpg,28
image78912.jpg,28
image29581.jpg,3
image24091.jpg,3
image5030.jpg,2
image29532.jpg,2
image77456.jpg,32
image19034.jpg,20
image72745.jpg,20
image77881.jpg,0
image52117.jpg,0
image2440.jpg,0
image62462.jpg,0
image57823.jpg,0
image11029.jpg,0
image77728.jpg,0
image15507.jpg,0
image69548.jpg,0
image50183.jpg,0
image27626.jpg,0
image35753.jpg,0
image56507.jpg,0
image54524.jpg,0
image3403.jpg,0
image19823.jpg,0
image76473.jpg,0
image66092.jpg,0
image74009.jpg,0
image53369.jpg,0
image6844.jpg,0
image50147.jpg,0
image18752.jpg,0
image60657.jpg,0
image70006.jpg,0
image5227.jpg,0
image30824.jpg,0
image57373.jpg,0
image66270.jpg,0
image73760.jpg,0
image28663.jpg,0
image33129.jpg,0
image77097.jpg,0
image3073.jpg,0
image51379.jpg,0
image70945.jpg,0
image29076.jpg,0
image63311.jpg,0
image33490.jpg,0
image22967.jpg,0
image32190.jpg,0
image66470.jpg,0
image57866.jpg,0
image76123.jpg,0
image26381.jpg,0
image74605.jpg,0
image29802.jpg,0
image73604.jpg,0
image66683.jpg,0
image13269.jpg,0
image65055.jpg,0
image73282.jpg,0
image36421.jpg,0
image5513.jpg,0
image78681.jpg,0
image57097.jpg,0
image23492.jpg,0
image2431.jpg,0
image24847.jpg,0
image4372.jpg,0
image60095.jpg,0
image70429.jpg,0
image152388.jpg,41
image29112.jpg,22
image32103.jpg,39
image36239.jpg,39
image36202.jpg,39
image19766.jpg,40
image32495.jpg,40
image31353.jpg,34
image22077.jpg,34
image30042.jpg,34
image26547.jpg,34
image14993.jpg,34
image32784.jpg,34
image14327.jpg,6
image74714.jpg,19
image11336.jpg,35
image68168.jpg,35
image5882.jpg,13
image60632.jpg,4
image28319.jpg,4
image69239.jpg,21
image75726.jpg,21
image23636.jpg,21
image74384.jpg,12
image67205.jpg,12
image3357.jpg,33
image26476.jpg,17
image64806.jpg,17
image72695.jpg,23
image28083.jpg,14
image29929.jpg,15
image55067.jpg,15
image29813.jpg,37
image65419.jpg,37
image7920.jpg,16
image56862.jpg,7
image61576.jpg,7
image61797.jpg,7
image73136.jpg,28
image27472.jpg,28
image13550.jpg,3
image53807.jpg,32
image63563.jpg,0
image27549.jpg,0
image28013.jpg,0
image8186.jpg,0
image50000.jpg,0
image32345.jpg,0
image25707.jpg,0
image2667.jpg,0
image35630.jpg,0
image51185.jpg,0
image77823.jpg,0
image62922.jpg,0
image10122.jpg,0
image6034.jpg,0
image60817.jpg,0
image72164.jpg,0
image26333.jpg,0
image23742.jpg,0
image15602.jpg,0
image19626.jpg,0
image74662.jpg,0
image5440.jpg,0
image72359.jpg,0
image76268.jpg,0
image29701.jpg,0
image53831.jpg,0
image14002.jpg,0
image67552.jpg,0
image2243.jpg,0
image74240.jpg,0
image79203.jpg,0
image52338.jpg,0
image78714.jpg,0
image36626.jpg,0
image16070.jpg,0
image28586.jpg,0
image77582.jpg,0
image91.jpg,0
image36140.jpg,0
image73010.jpg,0
image12198.jpg,0
image74707.jpg,0
image27353.jpg,0
image52503.jpg,0
image26433.jpg,0
image77938.jpg,0
image66033.jpg,0
image55392.jpg,0
image27932.jpg,0
image10585.jpg,0
image29412.jpg,0
image60281.jpg,0
image34271.jpg,0
image54024.jpg,0
image72460.jpg,0
image3869.jpg,0
image18769.jpg,0
image59708.jpg,0
